{"cameraMode":{"drawMode":0,"name":"Shaded","section":"Shading Mode"},"sceneLighting":true,"audioPlay":false,"sceneViewState":{"showFog":false,"showMaterialUpdate":false,"showSkybox":false,"showFlares":false,"showImageEffects":false,"showParticleSystems":false},"in2DMode":false,"pivot":{"x":950.3031005859375,"y":-81.5494384765625,"z":596.5657348632813},"rotation":{"x":-0.08636339008808136,"y":-0.7656053304672241,"z":0.10516215860843659,"w":-0.628791093826294},"size":318.6871032714844,"orthographic":false}